,City,Cloudiness,Country,Date,Humidity,Latitude,Longitude,Max Temp,Wind Speed
0,Longonjo,40,AO,1552996800,45,-12.91,15.25,301.15,3.1
1,Alyangula,12,AU,1552996800,88,-13.85,136.42,299.15,3.76
2,Hithadhoo,0,MV,1553001332,100,-0.6,73.08,302.171,1.31
3,Upernavik,20,GL,1553001332,100,72.79,-56.15,248.471,7.11
4,Suarez,75,CO,1552996800,100,4.05,-74.83,293.15,1.5
5,Tual,80,ID,1553001333,98,-5.67,132.75,302.371,3.46
6,Tshikapa,12,CD,1553001333,58,-6.42,20.79,305.621,1.21
7,Kui Buri,44,TH,1553001333,85,12.07,99.86,298.821,0.76
8,Sao Joao da Barra,0,BR,1552996800,74,-21.64,-41.05,301.15,2.1
9,Abu Dhabi,0,AE,1552996800,40,24.47,54.37,296.15,8.2
10,Dikson,76,RU,1553001333,90,73.51,80.55,268.521,6.61
11,Punta Arenas,75,CL,1553001311,70,-53.16,-70.91,282.04,6.2
12,Atuona,32,PF,1553001334,100,-9.8,-139.03,301.021,5.91
13,Saskylakh,36,RU,1553001334,33,71.97,114.09,242.771,1.36
14,Airai,0,TL,1553001334,82,-8.93,125.41,295.971,0.46
15,Tazovskiy,80,RU,1553001334,80,67.47,78.7,264.871,4.31
16,Florianopolis,20,BR,1553001186,74,-27.6,-48.55,303.15,2.6
17,San Pedro,92,AR,1553000751,78,-33.68,-59.66,288.71,3.58
18,Davila,20,PH,1552996800,83,18.47,120.58,300.15,2.1
19,Byron Bay,32,AU,1553001271,94,-28.65,153.62,297.15,2.1
20,Jamestown,0,AU,1553001263,89,-33.21,138.6,288.171,1.41
21,Hobart,75,AU,1553001075,100,-42.88,147.33,290.15,2.1
22,Pevek,76,RU,1553001338,79,69.7,170.27,250.721,11.56
23,Pierre,1,US,1553001200,100,44.37,-100.35,269.82,2.1
24,Port-Gentil,75,GA,1553000400,79,-0.72,8.78,304.15,8.2
25,Mataura,0,NZ,1553001007,92,-46.19,168.86,287.04,1.31
26,Lata,48,IN,1553001339,95,30.78,78.62,280.721,0.41
27,Chuy,20,UY,1553001339,98,-33.69,-53.46,293.871,6.81
28,San Carlos de Bariloche,20,AR,1552996800,64,-41.13,-71.31,275.15,2.6
29,Kassala,0,SD,1553001340,17,15.45,36.38,311.471,4.26
30,Tabas,0,IR,1552996800,29,33.6,56.92,292.15,1.0
31,Namibe,20,AO,1552996800,58,-15.19,12.15,303.15,5.1
32,Ostrovnoy,20,RU,1553001340,94,68.05,39.51,273.521,5.41
33,Nioro,0,GM,1553001340,23,13.79,-15.05,309.621,2.56
34,Busselton,48,AU,1553001334,42,-33.64,115.35,296.48,4.01
35,Baruun-Urt,88,MN,1553001340,45,46.68,113.28,272.221,6.56
36,Leningradskiy,64,RU,1553001341,74,69.38,178.42,253.471,13.31
37,Deqing,0,CN,1553001208,77,30.54,119.97,290.93,2.0
38,Souillac,90,FR,1553001273,57,45.6,-0.6,284.82,4.1
39,Lashio,48,MM,1553001341,67,22.93,97.75,292.871,0.21
40,Port Alfred,0,ZA,1553001055,88,-33.59,26.89,302.04,0.45
41,Ushuaia,75,AR,1552996800,70,-54.81,-68.31,280.15,4.1
42,Lasa,75,CY,1553000463,72,34.92,32.53,292.15,3.1
43,Arraial do Cabo,0,BR,1552996800,70,-22.97,-42.02,304.15,2.6
44,Kapenguria,0,KE,1553001342,30,1.25,35.09,300.021,3.76
45,Chokurdakh,24,RU,1553001342,37,70.62,147.9,241.771,2.21
46,Kununurra,20,AU,1552998600,74,-15.77,128.74,301.15,4.1
47,Naze,12,NG,1553001407,76,5.43,7.07,305.771,4.06
48,Albany,20,US,1553001126,73,42.65,-73.75,273.71,1.41
49,Katobu,20,ID,1553001407,90,-4.94,122.53,302.271,1.21
50,Vestmannaeyjar,40,IS,1553000400,86,63.44,-20.27,277.15,15.4
51,Vaini,20,IN,1552996800,43,15.34,74.49,306.15,3.1
52,Saint-Philippe,1,CA,1553001355,56,45.36,-73.48,270.37,1.0
53,Lebu,0,ET,1553001408,25,8.96,38.73,298.471,4.26
54,Springbok,20,ZA,1553001408,19,-29.67,17.88,304.671,3.51
55,Eyl,0,SO,1553001408,73,7.98,49.82,302.471,7.41
56,Lompoc,1,US,1553001392,87,34.64,-120.46,285.93,1.21
57,Nanortalik,32,GL,1553001408,100,60.14,-45.24,265.571,11.26
58,Ponta do Sol,0,BR,1553001409,96,-20.63,-46.0,297.971,1.96
59,Namatanai,20,PG,1553001409,96,-3.66,152.44,301.721,5.36
60,San Fernando,20,TT,1553000493,69,10.28,-61.46,300.93,5.7
61,Vuktyl,92,RU,1553001409,82,63.86,57.31,275.371,4.21
62,Victoria,75,BN,1552998600,83,5.28,115.24,301.15,3.6
63,Sassandra,0,CI,1553001410,93,4.95,-6.09,302.721,4.91
64,Kapaa,20,US,1553001326,64,22.08,-159.32,294.15,5.7
65,Hambantota,20,LK,1552997400,62,6.12,81.12,304.15,3.6
66,Rikitea,0,PF,1553001411,100,-23.12,-134.97,299.021,8.91
67,Zhuhai,40,CN,1552996800,32,40.71,112.04,284.15,2.0
68,Saint George,20,GR,1553001200,48,39.45,22.34,294.26,4.1
69,Grand-Santi,20,GF,1553001411,81,4.27,-54.38,298.771,1.41
70,Bredasdorp,40,ZA,1553001306,61,-34.53,20.04,299.15,2.6
71,Hilo,90,US,1553001379,77,19.71,-155.08,291.48,3.1
72,Nikolskoye,75,RU,1553001335,75,59.7,30.79,278.15,3.0
73,Torbay,90,CA,1553001404,85,47.66,-52.73,269.26,5.1
74,Mendoza,0,AR,1553000400,67,-32.89,-68.84,289.15,5.1
75,Lishu,12,CN,1553001412,41,43.31,124.32,287.971,11.11
76,Poshekhonye,92,RU,1553001412,98,58.5,39.12,274.971,2.56
77,Mehamn,40,NO,1552996200,87,71.03,27.85,273.15,5.1
78,Faanui,76,PF,1553001412,100,-16.48,-151.75,301.871,2.71
79,Barrow,92,AR,1553001413,80,-38.31,-60.23,287.621,2.01
80,Iqaluit,75,CA,1553001285,68,63.75,-68.52,245.37,1.0
81,Rimouski,90,CA,1553000944,61,48.45,-68.52,267.04,4.1
82,Rafaela,56,AR,1553001359,54,-31.25,-61.49,301.48,0.45
83,Bowen,40,AU,1553001361,88,-20.01,148.25,298.15,1.5
84,Bluff,12,AU,1553001414,85,-23.58,149.07,295.371,3.41
85,Kavaratti,0,IN,1553001414,100,10.57,72.64,300.771,2.01
86,Saldanha,0,PT,1553001414,43,41.42,-6.55,286.521,3.66
87,Shaoguan,68,CN,1553001414,89,24.81,113.59,294.021,3.41
88,Chitral,80,PK,1553001414,87,35.85,71.79,267.871,0.41
89,Guerrero Negro,0,MX,1553001414,99,27.97,-114.04,282.021,2.86
90,Bathsheba,20,BB,1552996800,61,13.22,-59.52,301.15,6.7
91,Dongsheng,64,CN,1553001415,74,29.72,112.52,294.771,7.76
92,Fortuna,75,ES,1553001448,36,38.18,-1.13,290.15,4.6
93,Mount Gambier,90,AU,1552998600,88,-37.83,140.78,290.15,3.1
94,Cockburn Town,0,TC,1553001275,100,21.46,-71.14,298.171,5.61
95,Pacific Grove,90,US,1553001388,87,36.62,-121.92,284.82,6.2
96,Hamilton,90,BM,1553001406,88,32.3,-64.78,291.15,5.1
97,Vaasa,64,FI,1553001383,86,63.1,21.62,272.04,5.7
98,Pilar,0,AR,1553001201,68,-34.46,-58.91,292.15,3.6
99,Provideniya,8,RU,1553001481,100,64.42,-173.23,252.771,10.56
100,Port Elizabeth,1,US,1553001473,59,39.31,-74.98,278.71,3.6
101,Sao Luiz Gonzaga,0,BR,1553001481,94,-28.41,-54.96,295.821,2.06
102,Guanica,1,PR,1553001450,61,17.97,-66.91,300.93,5.1
103,Halifax,20,CA,1553001286,53,44.65,-63.58,271.48,2.1
104,Talcahuano,0,CL,1552996800,66,-36.72,-73.12,284.15,3.6
105,Belaya Gora,44,RU,1553001482,33,68.54,146.19,242.971,1.51
106,New Norfolk,75,AU,1553001440,100,-42.78,147.06,290.15,2.1
107,Kodiak,90,US,1553001423,75,39.95,-94.76,277.59,2.6
108,Beyneu,0,KZ,1553001482,76,45.32,55.19,285.221,3.41
109,Moerai,92,PF,1553001483,100,-22.43,-151.33,299.121,12.46
110,Sur,0,OM,1553001483,88,22.57,59.53,296.221,7.21
111,Bethel,1,US,1552996560,84,60.79,-161.76,259.15,3.1
112,Mount Darwin,36,ZW,1553001483,84,-16.77,31.58,299.371,1.91
113,Cape Town,20,ZA,1553001290,64,-33.93,18.42,299.26,6.2
114,Tigil,48,RU,1553001484,65,57.8,158.67,255.121,3.11
115,Ugoofaaru,88,MV,1553001484,99,5.67,73.0,302.621,4.11
116,Aksu,0,KZ,1552998600,79,52.04,76.93,270.15,3.0
117,Tashtyp,68,RU,1553001484,53,52.8,89.89,269.921,1.06
118,New Glasgow,0,CA,1553001304,80,45.59,-62.65,269.82,5.36
119,Avarua,88,CK,1552998600,100,-21.21,-159.78,297.15,1.0
120,Batagay-Alyta,0,RU,1553001485,0,67.8,130.41,239.871,1.26
121,Castro,0,CL,1552996800,100,-42.48,-73.76,277.15,2.6
122,Aykhal,0,RU,1553001487,61,65.95,111.51,250.671,1.21
123,Anahuac,75,US,1553001476,66,29.77,-94.68,287.59,3.6
124,Caravelas,12,BR,1553001488,99,-17.73,-39.27,301.821,7.01
125,Payo,68,ID,1553001488,91,-3.75,103.64,298.821,1.01
126,Mahebourg,40,MU,1553001243,66,-20.41,57.7,303.15,5.7
127,Campbell River,5,CA,1553001385,92,50.02,-125.24,276.48,1.5
128,Ribeira Grande,40,PT,1552998600,67,38.52,-28.7,289.15,5.1
129,Plainfield,1,US,1553001469,86,39.7,-86.4,274.26,1.26
130,Margate,75,AU,1553001440,100,-43.03,147.26,290.15,2.1
131,Villefontaine,20,FR,1553001470,57,45.61,5.16,285.15,8.2
132,Vallenar,8,CL,1553001402,78,-28.58,-70.76,284.971,1.06
133,Lavrentiya,8,RU,1553001490,89,65.58,-170.99,258.571,10.11
134,Georgetown,20,GY,1552996800,83,6.8,-58.16,301.15,3.1
135,Kozhva,92,RU,1553001279,84,65.11,57.05,275.221,5.26
136,Myskhako,20,RU,1552998600,76,44.66,37.76,285.15,6.0
137,Piripiri,48,BR,1553001556,93,-4.27,-41.78,300.621,2.41
138,Siparia,20,TT,1553001387,69,10.14,-61.51,301.48,5.7
139,Thompson,90,CA,1552996800,80,55.74,-97.86,273.15,3.1
140,Sijunjung,12,ID,1553001556,86,-0.69,100.95,297.021,0.96
141,Ilulissat,90,GL,1552999800,76,69.22,-51.1,250.15,6.7
142,Vila Franca do Campo,75,PT,1553001514,72,37.72,-25.43,288.15,5.7
143,Bambous Virieux,40,MU,1553001543,66,-20.34,57.76,303.15,5.7
144,Beloha,24,MG,1553001557,67,-25.17,45.06,302.721,2.91
145,Parana,75,BR,1553000400,94,-7.52,-72.89,298.15,1.0
146,Cidreira,20,BR,1553001557,99,-30.17,-50.22,295.921,4.36
147,Lorengau,8,PG,1553001557,100,-2.02,147.27,300.371,4.36
148,East London,20,ZA,1552996800,62,-33.02,27.91,302.15,6.7
149,Sheltozero,44,RU,1553001557,87,61.37,35.37,276.871,3.86
150,Road Town,40,VG,1553001512,65,18.42,-64.62,300.15,4.6
151,Puerto Ayora,0,EC,1553000527,83,-0.74,-90.35,298.15,2.1
152,Severo-Kurilsk,48,RU,1553001558,94,50.68,156.12,273.271,7.36
153,Mar del Plata,0,AR,1553001558,92,-46.43,-67.52,280.971,2.41
154,Marawi,68,PH,1553001388,93,8.0,124.29,297.59,0.89
155,Centralia,90,US,1553001529,60,39.21,-92.14,277.15,1.5
156,Qaqortoq,20,GL,1552999800,46,60.72,-46.03,261.15,9.8
157,Pearl Lagoon,75,NI,1552996800,94,12.34,-83.67,295.15,2.1
158,Owando,32,CG,1553001558,65,-0.49,15.91,305.571,1.36
159,Alghero,40,IT,1552998000,55,40.56,8.32,289.15,2.1
160,Lagoa,0,PT,1553001455,63,37.14,-8.45,294.26,3.1
161,Saint Leonard,1,US,1553001555,74,38.47,-76.51,278.15,2.16
162,Hermanus,44,ZA,1553001358,85,-34.42,19.24,299.26,2.24
163,Sistranda,0,NO,1553001536,65,63.73,8.83,279.26,6.2
164,San Patricio,0,PY,1553001559,83,-26.98,-56.83,296.371,1.16
165,Pangody,56,RU,1553001560,78,65.85,74.49,265.071,3.76
166,Kaitangata,8,NZ,1553001560,81,-46.28,169.85,283.871,0.96
167,Muhos,20,FI,1553001322,80,64.81,26.0,274.26,3.1
168,Tuatapere,68,NZ,1553001007,92,-46.13,167.69,287.04,0.76
169,Khatanga,88,RU,1553001560,79,71.98,102.47,262.221,5.46
170,Novyy Urengoy,36,RU,1553001560,79,66.08,76.63,264.171,3.56
171,Paamiut,64,GL,1553001560,100,61.99,-49.67,263.471,3.36
172,Uttaradit,44,TH,1553001153,41,17.63,100.1,310.37,2.21
173,Pacifica,75,US,1553001477,87,37.61,-122.49,283.71,1.5
174,Beringovskiy,36,RU,1553001561,100,63.05,179.32,248.671,1.21
175,Awjilah,56,LY,1553001561,36,29.14,21.3,300.021,2.76
176,Kavieng,12,PG,1553001561,98,-2.57,150.8,302.421,3.91
177,Richards Bay,48,ZA,1553001561,67,-28.77,32.06,302.371,3.31
178,Shache,0,CN,1553001561,17,38.42,77.24,294.271,1.51
179,Gorgan,90,IR,1552996800,87,36.84,54.43,284.15,6.2
180,Sao Geraldo do Araguaia,92,BR,1553001562,92,-6.4,-48.55,299.271,2.41
181,Taloqan,64,AF,1553001562,61,36.74,69.54,282.821,0.96
182,Kemptville,5,CA,1553001515,72,45.02,-75.64,268.71,1.0
183,Mackay,20,CA,1553000400,47,53.65,-115.58,274.15,3.6
184,Tiksi,0,RU,1553001627,38,71.64,128.87,241.121,1.26
185,Yulara,32,AU,1552996800,15,-25.24,130.99,305.15,4.1
186,Poum,20,MK,1552998600,58,41.28,20.71,285.15,2.6
187,Norman Wells,75,CA,1553000400,74,65.28,-126.83,276.15,3.1
188,Dubrovnik,40,HR,1552998600,72,42.65,18.09,290.15,3.1
189,Longyearbyen,75,NO,1552999800,78,78.22,15.63,263.15,3.1
190,Katoro,36,TZ,1553001628,55,-3.0,31.93,302.971,0.86
191,Hovd,0,NO,1553001576,45,63.83,10.7,280.15,7.2
192,Karlskoga,0,SE,1553001606,38,59.33,14.52,279.15,3.6
193,Cairns,75,AU,1553001331,94,-16.92,145.77,298.15,6.7
194,Yellowknife,75,CA,1553001387,92,62.45,-114.38,272.04,3.1
195,Pochutla,75,MX,1553001388,64,15.74,-96.47,298.15,1.31
196,Novosheshminsk,0,RU,1553001629,98,55.06,51.22,275.171,1.71
197,Sept-Iles,75,CA,1552996800,60,50.2,-66.38,261.15,2.6
198,Marsa Matruh,0,EG,1553000400,43,31.35,27.25,295.15,4.6
199,Sokolo,0,ML,1553001629,24,14.74,-6.12,310.021,5.56
200,Tuktoyaktuk,90,CA,1553000400,85,69.44,-133.03,263.15,2.1
201,Qaanaaq,0,GL,1553001630,51,77.48,-69.36,237.871,3.16
202,Tramore,80,IE,1553001463,90,52.16,-7.15,285.93,3.58
203,Codrington,24,AU,1553001569,88,-28.95,153.24,297.15,1.21
204,Narsaq,20,GL,1552999800,46,60.91,-46.05,261.15,9.8
205,Luzhou,44,CN,1553001630,75,28.89,105.45,289.671,1.71
206,Nadvoitsy,0,RU,1553001630,80,63.89,34.27,276.871,2.86
207,Butaritari,64,KI,1553001630,100,3.07,172.79,301.271,7.01
208,Bollnas,0,SE,1553001631,52,61.35,16.39,275.771,2.91
209,Kerema,80,PG,1553001631,91,-7.96,145.78,296.821,0.91
210,Talnakh,76,RU,1553001631,81,69.49,88.39,261.771,4.21
211,Camacari,20,BR,1553000400,62,-12.7,-38.32,305.15,3.1
212,Tezu,68,IN,1553001631,90,27.93,96.16,285.271,0.66
213,Waterbury,1,US,1553001627,63,41.56,-73.05,276.15,1.5
214,Ampanihy,36,MG,1553001632,67,-24.69,44.75,301.721,2.66
215,Aklavik,90,CA,1553000400,92,68.22,-135.01,265.15,3.6
216,Sao Gabriel da Cachoeira,88,BR,1553001632,95,-0.13,-67.09,297.771,0.91
217,Sola,20,NO,1553001602,56,58.89,5.65,280.37,3.6
218,Maumere,64,ID,1553001632,100,-8.63,122.22,300.971,5.61
219,Coahuayana,0,MX,1553001632,80,18.62,-100.35,284.521,0.51
220,Husavik,0,CA,1553001633,49,50.56,-96.99,260.171,1.51
221,Cayenne,75,GF,1552998600,74,4.94,-52.33,301.15,2.6
222,Chitrakonda,0,IN,1553001633,44,18.12,82.08,303.021,1.61
223,Sitka,20,US,1553001383,56,37.17,-99.65,280.37,5.36
224,Naliya,0,IN,1553001698,18,23.26,68.83,305.371,5.71
225,Daokou,92,CN,1553001699,56,35.61,105.12,282.621,2.41
226,Bonthe,0,SL,1553001699,56,7.53,-12.5,306.371,1.86
227,Liverpool,75,GB,1553001548,87,53.41,-2.98,286.48,5.1
228,Amapa,20,HN,1552996800,77,15.09,-87.97,293.15,2.1
229,Kondopoga,76,RU,1552996800,89,62.21,34.27,276.15,2.0
230,Sawtell,40,AU,1553000404,88,-30.38,153.1,293.15,3.1
231,Hedaru,0,TZ,1553001699,35,-4.5,37.91,307.421,2.61
232,Guilin,75,CN,1552996800,93,25.28,110.29,290.15,3.0
233,Khanpur,0,PK,1553001700,55,28.65,70.66,300.271,3.16
234,Sorong,44,ID,1553001700,97,-0.86,131.25,301.771,3.26
235,Afogados da Ingazeira,56,BR,1553001546,78,-7.75,-37.64,298.771,2.36
236,Acajutla,0,SV,1553001625,71,13.59,-89.83,295.37,0.45
237,Ringe,20,NL,1553001699,82,52.6,6.92,285.37,2.6
238,Isangel,92,VU,1552996800,78,-19.55,169.27,298.15,1.5
239,Muisne,90,EC,1552996800,100,0.61,-80.02,297.15,1.5
240,Kodinar,0,IN,1553001701,16,20.79,70.7,308.671,4.76
241,Hay River,40,CA,1553000400,56,60.82,-115.79,279.15,4.1
242,Ruteng,88,ID,1553001701,97,-8.61,120.46,296.521,2.01
243,Wewak,76,PG,1553001701,94,-3.55,143.63,297.871,1.61
244,Buraydah,20,SA,1552996800,27,26.33,43.97,299.15,3.1
245,Luwuk,8,ID,1553001701,86,-0.95,122.79,300.871,1.21
246,Russell,0,AR,1553000400,67,-33.01,-68.8,289.15,5.1
247,Shihezi,0,CN,1553001702,87,44.3,86.03,272.621,2.51
248,Mari-Turek,0,RU,1553001702,93,56.79,49.62,274.871,3.21
249,Jalu,32,LY,1553001702,35,29.03,21.55,300.171,2.06
250,Vangaindrano,56,MG,1553001703,48,-23.35,47.6,305.271,3.41
251,Ambulu,92,ID,1553001703,100,-8.35,113.61,297.421,1.96
252,Acapulco,5,MX,1552996080,88,16.86,-99.88,297.15,2.1
253,Athabasca,0,CA,1553001693,60,54.72,-113.29,269.171,1.96
254,Jieshi,0,CN,1553001703,93,22.82,115.83,294.021,4.26
255,Naantali,64,FI,1553001694,78,60.45,22.03,274.26,2.6
256,Piacabucu,0,BR,1553001703,63,-10.41,-36.43,304.921,3.11
257,San Clemente,90,US,1553001425,93,33.43,-117.61,286.15,1.06
258,San Cristobal,75,EC,1553000573,93,-0.39,-78.55,286.15,1.0
259,Tasiilaq,75,GL,1552999800,85,65.61,-37.64,267.15,4.1
260,Pimentel,64,BR,1553001704,95,-3.7,-45.5,298.821,1.16
261,Pokaran,0,IN,1553001704,26,26.93,71.92,302.971,5.16
262,Syamzha,92,RU,1553001704,99,60.02,41.06,275.171,3.31
263,Sao Domingos,44,BR,1553001542,91,-13.4,-46.32,297.471,2.06
264,Port Blair,8,IN,1553001770,100,11.67,92.75,302.471,1.51
265,Bima,80,ID,1553001770,96,-8.45,118.73,299.121,2.41
266,Itarema,32,BR,1553001770,96,-2.92,-39.92,301.871,2.41
267,Labuhan,44,ID,1553001770,72,-2.54,115.51,299.371,0.71
268,Amahai,24,ID,1553001770,97,-3.31,129.0,302.521,2.91
269,San Jose,0,PH,1553001617,84,15.79,120.99,295.171,1.36
270,Malpura,0,IN,1553001771,34,26.29,75.37,303.471,2.51
271,College,20,US,1553001696,80,64.86,-147.8,276.48,4.46
272,Port Lincoln,0,AU,1553001771,100,-34.72,135.86,289.971,3.86
273,Santiago del Estero,24,AR,1553001772,80,-27.8,-64.26,295.321,1.96
274,Kaeo,0,NZ,1553000884,91,-35.1,173.78,288.15,2.86
275,Gazli,92,UZ,1553001772,71,40.13,63.45,286.921,4.71
276,Rambouillet,20,FR,1553001748,47,48.65,1.83,286.48,1.5
277,Zeya,0,RU,1553001772,69,53.74,127.27,261.071,1.31
278,Srednekolymsk,36,RU,1553001772,50,67.46,153.71,245.671,1.11
279,Sokol,92,RU,1553001773,98,59.46,40.11,274.771,2.96
280,Benguela,0,AO,1553001773,86,-12.58,13.4,303.121,3.91
281,Novo Aripuana,56,BR,1553001773,87,-5.12,-60.38,299.521,1.16
282,Dingle,92,PH,1553001773,79,11.0,122.67,299.321,6.21
283,Tallahassee,1,US,1553001668,42,30.44,-84.28,284.26,3.1
284,Jinchang,68,CN,1553001773,82,38.52,102.19,273.871,1.71
285,Ibra,20,OM,1553001773,37,22.69,58.55,301.021,2.51
286,Port Hueneme,90,US,1553001472,87,34.15,-119.2,285.93,2.1
287,Roald,0,NO,1553001603,42,62.58,6.12,280.15,4.6
288,Constantine,75,DZ,1553000400,61,36.36,6.61,283.15,4.6
289,Esperance,20,TT,1553001387,69,10.24,-61.45,301.48,5.7
290,Geraldton,90,CA,1553000400,100,49.72,-86.95,268.15,3.1
291,Bilibino,36,RU,1553001774,44,68.06,166.44,246.521,2.06
292,Mocuba,32,MZ,1553001774,75,-16.84,36.99,305.521,1.56
293,Lluta,0,PE,1553000400,45,-16.02,-72.01,290.15,1.41
294,Gunjur,0,GM,1553000400,12,13.18,-16.76,309.15,2.6
295,Qena,0,EG,1553000400,19,26.16,32.72,304.15,1.0
296,Deyang,12,CN,1553001726,60,31.12,104.39,289.82,1.51
297,Zelenogorskiy,0,RU,1552998600,63,55.03,87.0,270.15,3.0
298,Pazaric,75,BA,1553000400,100,43.79,18.16,283.15,2.1
299,Bandarbeyla,0,SO,1553001775,100,9.49,50.81,299.271,4.91
300,Olden,0,NO,1553001349,30,61.84,6.81,280.15,4.1
301,Carnarvon,12,ZA,1553001670,11,-30.97,22.13,304.171,5.46
302,Mandalgovi,56,MN,1553001776,70,45.76,106.27,269.521,6.96
303,Clyde River,90,CA,1553000400,83,70.47,-68.59,249.15,11.8
304,Fort Frances,1,CA,1553000100,92,48.61,-93.4,267.15,2.6
305,Shingu,44,JP,1553001841,100,33.72,135.99,286.071,9.21
306,Funtua,0,NG,1553001841,17,11.52,7.31,309.521,7.11
307,Port-Cartier,75,CA,1553000400,56,50.03,-66.88,262.15,3.1
308,Hami,88,CN,1553001841,41,42.84,93.51,279.971,1.66
309,Ancud,0,CL,1552996800,100,-41.87,-73.83,277.15,2.6
310,Kirovsk,88,RU,1553001842,88,67.62,33.66,272.771,1.46
311,Constitucion,0,MX,1553001616,79,23.99,-104.67,279.82,2.68
312,Saint-Joseph,8,FR,1553001618,31,43.56,6.97,289.15,4.1
313,Soyo,75,AO,1552996800,66,-6.13,12.37,304.15,3.6
314,Boa Vista,0,BR,1553000400,51,2.82,-60.67,302.15,8.2
315,Denpasar,40,ID,1552998600,83,-8.65,115.22,301.15,5.7
316,Muros,75,ES,1553001673,71,42.77,-9.06,290.15,5.1
317,Quixere,76,BR,1553001844,92,-5.07,-37.99,299.121,1.31
318,Stonewall,75,CA,1553000400,85,50.13,-97.33,263.15,1.5
319,Sorland,75,NO,1552999800,86,67.67,12.69,276.15,8.2
320,Kirakira,80,SB,1553001844,100,-10.46,161.92,301.371,3.41
321,Hakui,75,JP,1553001691,71,36.89,136.78,284.15,0.5
322,Klaksvik,92,FO,1552999800,81,62.23,-6.59,281.15,7.7
323,Jurm,80,AF,1553001845,91,36.86,70.83,269.121,0.46
324,Suclayin,0,PH,1553001845,100,15.76,121.55,299.171,5.36
325,Kruisfontein,32,ZA,1553001845,94,-34.0,24.73,295.821,2.86
326,Hukuntsi,24,BW,1553001845,33,-23.98,21.76,305.171,2.31
327,Katherine,36,AU,1552998600,69,-14.47,132.26,301.15,2.6
328,Jamnagar,0,IN,1553001845,16,22.47,70.06,306.871,5.11
329,Sao Filipe,44,CV,1553001845,89,14.9,-24.5,295.871,5.91
330,Tabory,88,PL,1553001598,52,53.89,19.53,283.15,5.36
331,El Cortezo,40,PA,1552996800,88,8.35,-80.6,296.15,4.91
332,Geeste,40,DE,1553001845,82,52.6,7.27,284.82,4.1
333,Puerto Escondido,75,MX,1552995660,64,15.86,-97.07,297.15,1.71
334,Launceston,90,AU,1553001609,88,-41.43,147.14,290.93,5.1
335,Katsuura,40,JP,1553001670,81,33.93,134.5,283.15,4.6
336,Salinopolis,92,BR,1553001846,100,-0.61,-47.36,299.721,4.11
337,Fairbanks,20,US,1553001696,80,64.84,-147.72,276.48,4.46
338,Bodden Town,75,KY,1553000404,100,19.28,-81.25,298.15,0.41
339,Voi,0,KE,1553001847,33,-3.4,38.57,306.571,3.61
340,Jishu,88,CN,1553001847,41,44.29,126.79,287.871,8.76
341,Casablanca,0,MA,1553001768,60,33.6,-7.62,295.15,5.1
342,Vostok,80,RU,1553001848,66,46.45,135.83,271.221,1.86
343,Bedesa,12,ET,1553001848,22,8.9,40.78,302.671,0.71
344,Walvis Bay,20,NA,1553000531,64,-22.95,14.51,294.15,3.6
345,Mwinilunga,8,ZM,1553001848,60,-11.73,24.43,300.871,1.61
346,Atambua,20,ID,1553001848,100,-9.11,124.89,299.671,1.41
347,Puerto Madryn,44,AR,1553001694,85,-42.77,-65.04,286.721,7.86
348,Grafton,20,AU,1552996800,94,-29.69,152.93,293.15,2.6
349,Bonavista,0,CA,1553001364,59,48.65,-53.11,269.26,4.92
350,Hirara,0,JP,1553001914,100,24.8,125.28,294.971,5.96
351,Bambanglipuro,76,ID,1553001914,99,-7.95,110.28,296.271,1.26
352,Mersing,0,MY,1553001638,78,2.43,103.84,301.071,3.56
353,Cherskiy,44,RU,1553001874,78,68.75,161.3,248.521,2.86
354,Coquimbo,90,CL,1552996800,100,-29.95,-71.34,286.15,2.36
355,Muzhi,8,RU,1553001914,83,65.4,64.7,271.221,5.66
356,Makakilo City,75,US,1553001786,77,21.35,-158.09,295.15,3.81
357,Bequimao,75,BR,1553000400,79,-2.45,-44.78,302.15,6.7
358,Teeli,8,RU,1553001915,68,51.01,90.2,263.271,1.41
359,Dakar,0,SN,1553000400,61,14.69,-17.45,306.15,6.2
360,Kieta,32,PG,1553001915,98,-6.22,155.63,299.171,1.11
361,Zhigansk,0,RU,1553001915,47,66.77,123.37,246.471,0.96
362,Panacan,90,PH,1552996800,100,7.15,125.66,299.15,1.5
363,Ayan,0,TR,1553001915,39,40.67,33.6,286.871,1.31
364,Inyonga,20,TZ,1553001916,59,-6.72,32.06,302.071,3.11
365,Bud,0,NO,1553001600,39,62.91,6.91,281.15,6.2
366,El Arenal,12,PE,1553001916,100,-17.12,-71.8,293.671,2.31
367,Chernyshevskiy,56,RU,1553001916,75,63.01,112.47,258.071,1.16
368,Pital,92,CO,1553001917,98,2.27,-75.81,290.671,0.86
369,Comodoro Rivadavia,20,AR,1552996800,57,-45.87,-67.48,283.15,2.1
370,Neijiang,0,CN,1553001917,68,29.59,105.06,290.421,3.41
371,Stykkisholmur,80,IS,1553001917,100,65.08,-22.73,275.271,7.61
372,Silae,92,PH,1553001917,94,8.16,125.3,293.421,0.86
373,Mortka,8,RU,1553001917,72,59.33,66.02,275.171,1.81
374,Canon City,8,US,1553001917,64,39.46,-117.13,264.571,1.11
375,Ahipara,88,NZ,1553001918,98,-35.17,173.16,290.521,3.01
376,Anadyr,24,RU,1553001788,76,64.73,177.51,250.37,8.0
377,Mecca,80,SA,1553001730,35,21.43,39.83,306.171,4.56
378,Koulikoro,20,ML,1553000400,29,12.86,-7.56,311.15,3.1
379,Namtsy,0,RU,1552998600,76,62.72,129.66,249.15,2.0
380,Bay Roberts,75,CA,1553001812,85,47.58,-53.28,269.26,6.2
381,Waitati,0,NZ,1553001814,86,-45.75,170.57,288.71,1.46
382,Wesselsbron,0,ZA,1553001369,33,-27.85,26.36,303.15,3.86
383,Vagay,8,RU,1553001919,78,57.94,69.02,272.621,2.11
384,Alto Araguaia,8,BR,1553001919,79,-17.32,-53.22,299.621,2.01
385,Luderitz,32,NA,1553001870,81,-26.65,15.16,292.671,1.86
386,Salalah,0,OM,1552996200,58,17.01,54.1,302.15,4.1
387,La Ronge,40,CA,1553000400,64,55.1,-105.3,276.15,3.6
388,Maldonado,20,UY,1552996800,63,-34.91,-54.96,292.15,7.7
389,Petersburg,1,US,1553001625,86,37.23,-77.4,277.59,1.5
390,Shimoda,75,JP,1553001912,76,34.7,138.93,284.82,1.5
391,Ola,12,RU,1553001920,100,59.58,151.3,256.671,6.26
392,Kahului,20,US,1553001643,60,20.89,-156.47,295.15,3.6
393,Los Llanos de Aridane,75,ES,1553001960,59,28.66,-17.92,292.15,6.7
394,Karratha,12,AU,1553001986,37,-20.74,116.85,306.171,4.31
395,Gayny,0,RU,1553001986,84,60.3,54.33,276.871,4.66
396,Pitimbu,75,BR,1552996800,79,-7.47,-34.81,302.15,2.6
397,Priboj,75,RS,1553000400,58,43.58,19.53,281.15,3.6
398,Aripuana,8,BR,1553001987,91,-9.17,-60.63,299.171,1.31
399,Sherbakul,0,RU,1552998600,73,54.63,72.39,269.15,3.0
400,Ceuta,0,MX,1553001801,93,23.9,-106.93,286.48,0.45
401,Palaikastron,12,GR,1553001725,51,35.2,26.25,293.71,1.79
402,Santa Vitoria do Palmar,20,BR,1553001988,98,-33.52,-53.37,293.871,6.81
403,Cabo San Lucas,5,MX,1553001925,63,22.89,-109.91,289.15,4.16
404,Itoman,20,JP,1552998600,68,26.12,127.67,292.15,2.1
405,Saint Anthony,1,US,1553001918,68,43.97,-111.68,269.15,2.1
406,Satuk,20,TR,1552999800,45,41.23,32.38,291.15,5.7
407,Luanda,40,AO,1553000400,70,-8.83,13.24,304.15,4.6
408,Jackson,1,US,1553001713,74,35.61,-88.82,277.04,1.31
409,Mehran,20,IR,1553000400,50,33.12,46.17,284.15,3.1
410,Laguna,5,MX,1553000280,87,27.52,-110.01,284.15,2.1
411,Brandon,1,US,1553001815,92,43.59,-96.57,273.71,2.1
412,Bahia Honda,44,CU,1553001990,99,22.9,-83.16,293.421,1.26
413,Santa Cruz,1,US,1553001773,93,36.97,-122.03,284.15,1.5
414,Mabaruma,68,GY,1553001991,86,8.2,-59.78,298.971,2.96
415,Batemans Bay,88,AU,1553001904,83,-35.71,150.18,292.59,0.89
416,Coihaique,20,CL,1552996800,87,-45.58,-72.07,281.15,3.1
417,Pella,1,US,1553001721,86,41.41,-92.92,274.26,3.1
418,Victoria Point,0,AU,1553001981,73,-27.58,153.3,299.26,5.7
419,Dodge City,75,US,1553001933,49,37.75,-100.02,281.15,7.7
420,Yumen,92,CN,1553001992,58,40.29,97.04,278.171,5.36
421,Koungheul,0,SN,1553001992,23,13.98,-14.8,309.621,2.56
422,Guntramsdorf,75,AT,1553001971,45,48.05,16.31,284.26,4.6
423,Liku,0,ID,1553001993,81,-0.73,119.89,300.521,2.41
424,Sao Francisco,90,BR,1552999380,100,-25.65,-53.85,295.15,1.0
425,Zaysan,0,KZ,1553001993,77,47.47,84.87,270.521,1.51
426,Seduva,90,LT,1552999800,86,55.77,23.77,276.15,7.7
427,Port Augusta,0,AU,1553001835,77,-32.49,137.76,293.71,4.6
428,Klobuck,75,PL,1553001990,48,50.9,18.94,280.93,5.7
429,Saint-Pierre,40,FR,1553001725,53,48.95,4.24,284.82,2.6
430,Along,76,IN,1553001993,81,28.17,94.8,287.421,0.71
431,Nerchinskiy Zavod,0,RU,1553001994,50,51.31,119.61,264.871,2.86
432,Serta,20,IT,1553001944,40,46.01,10.15,287.59,2.6
433,Belem de Sao Francisco,0,BR,1553001994,58,-8.75,-38.97,303.521,2.31
434,Ouallam,8,NE,1553002059,21,14.32,2.08,311.271,3.41
435,Flinders,40,AU,1553002040,100,-34.58,150.85,293.71,2.6
436,Hobyo,12,SO,1553002059,65,5.35,48.53,302.971,6.91
437,Manta,92,RO,1553001907,76,45.1,24.1,282.59,3.13
438,Rincon,1,US,1553001933,62,32.3,-81.24,284.82,5.1
439,Grindavik,75,IS,1553000400,86,63.84,-22.43,277.15,12.3
440,Yar-Sale,0,RU,1553002060,78,66.83,70.83,266.621,4.06
441,Tessalit,0,ML,1553002060,24,20.2,1.01,304.171,2.71
442,Touros,75,BR,1553000400,66,-5.2,-35.46,304.15,4.1
443,Saint-Denis,0,FR,1553002050,50,48.94,2.36,286.48,1.5
444,Barra do Bugres,0,BR,1553002061,88,-15.07,-57.19,301.021,2.01
445,Te Anau,36,NZ,1553002061,97,-45.41,167.72,285.121,0.31
446,Mittweida,40,DE,1553002024,82,50.99,12.98,283.15,4.1
447,Abilene,1,US,1553001983,56,32.45,-99.73,284.15,2.6
448,Pastos Bons,24,BR,1553002061,85,-6.6,-44.09,299.971,2.31
449,Yamada,20,JP,1553001691,87,36.58,137.08,284.15,1.0
450,Majitha,40,IN,1553000340,50,31.76,74.96,299.15,3.1
451,Ausa,0,IN,1553002062,21,18.25,76.5,307.921,1.96
452,Khandyga,0,RU,1553001983,70,62.65,135.58,249.521,1.06
453,Majene,12,ID,1553002062,92,-3.54,118.97,301.771,8.16
454,Ratnagiri,0,IN,1553002062,87,16.98,73.3,301.121,5.66
455,Guane,20,CU,1553002062,96,22.2,-84.09,292.071,1.01
456,Fukue,75,JP,1553001912,87,35.03,136.69,285.37,4.1
457,Hualmay,36,PE,1553002062,92,-11.1,-77.61,292.921,2.11
458,Damara,0,CF,1553000400,25,4.96,18.7,311.15,1.5
459,Daru,48,SL,1553002063,51,7.99,-10.85,305.221,2.31
460,Sabha,64,LY,1553002063,33,27.03,14.43,297.771,7.36
461,Buhovo,0,BG,1553001966,36,42.76,23.57,292.04,3.6
462,Onega,44,RU,1553002063,86,63.91,38.09,275.271,3.86
463,Auckland,0,NZ,1553001917,82,-36.85,174.77,291.48,3.1
464,Iskateley,92,RU,1553002063,94,67.68,53.15,273.571,8.46
465,Killybegs,75,IE,1553002024,93,54.63,-8.45,284.82,4.1
466,Tura,44,IN,1553002064,71,25.52,90.21,295.971,0.76
467,Lyngseidet,75,NO,1553001600,64,69.58,20.21,274.15,13.4
468,Kjopsvik,40,NO,1553001388,64,68.1,16.37,277.04,4.1
469,Alofi,8,NU,1553000400,100,-19.06,-169.92,296.15,0.5
470,Turukhansk,76,RU,1553002064,76,65.8,87.96,260.671,3.41
471,Iranshahr,0,IR,1553000400,25,27.21,60.69,297.15,4.1
472,Malaba,8,UG,1553002065,67,0.64,34.26,302.371,3.11
473,Tautira,20,PF,1553001783,78,-17.73,-149.15,299.15,1.5
474,Bubaque,0,GW,1553002065,88,11.28,-15.83,300.221,3.81
475,Pijino,32,CO,1553002065,92,9.33,-74.45,296.871,2.36
476,Pedasi,12,PA,1553002065,90,7.53,-80.03,297.471,6.56
477,Ndola,0,ZM,1553002065,58,-12.97,28.64,302.221,2.61
478,Karaton,40,ID,1553002022,78,-6.34,106.1,303.15,6.7
479,Seoul,75,KR,1553001600,75,37.57,126.98,285.15,1.16
480,Charleston,1,US,1553001817,79,38.35,-81.63,274.15,1.01
481,Tibati,0,CM,1553002131,33,6.47,12.63,307.871,2.66
482,Komsomolskiy,44,RU,1553002131,91,67.55,63.78,272.021,5.66
483,Sao Jose da Coroa Grande,8,BR,1553002131,90,-8.9,-35.15,302.371,2.11
484,Leh,48,IN,1553002132,85,34.16,77.58,261.821,0.76
485,Talaya,75,RU,1553001925,92,55.79,84.89,270.37,2.0
486,Verkhnyaya Sinyachikha,8,RU,1553002132,59,57.98,61.67,276.371,2.06
487,Harper,1,US,1553002088,80,30.3,-99.24,281.48,1.51
488,Marsabit,0,KE,1553002041,59,2.34,37.99,303.671,4.06
489,Clearlake,1,US,1553002064,93,38.96,-122.63,283.71,0.31
490,Totma,92,RU,1553002133,97,59.98,42.76,275.071,4.96
491,Payakumbuh,8,ID,1553002133,68,-0.23,100.63,299.671,1.06
492,Sinnamary,24,GF,1553002133,92,5.38,-52.96,299.921,4.36
493,Grants,90,US,1553000100,67,35.15,-107.85,273.15,1.21
494,Pangnirtung,20,CA,1553000400,60,66.15,-65.72,241.15,2.51
495,Singaparna,92,ID,1553001871,94,-7.35,108.11,294.721,0.91
496,Chalisgaon,0,IN,1553002133,20,20.46,75.0,307.021,1.96
497,Chifeng,76,CN,1553002096,26,42.27,118.96,286.621,4.96
498,Gat,0,SN,1553000400,27,14.69,-16.54,306.15,4.6
499,Lumeje,0,AO,1553002134,90,-11.56,20.78,300.621,1.96
